<code_scheme name="Project" version="173">
    <option name="AUTODETECT_INDENTS" value="false"/>
    <option name="FORMATTER_TAGS_ENABLED" value="true"/>
    <option name="SOFT_MARGINS" value="80,120"/>
    <JSON>
        <option name="OBJECT_WRAPPING" value="0"/>
        <option name="ARRAY_WRAPPING" value="0"/>
    </JSON>
    <JavaCodeStyleSettings>
        <option name="IMPORT_LAYOUT_TABLE">
            <value>
                <package name="java" withSubpackages="true" static="false"/>
                <package name="javax" withSubpackages="true" static="false"/>
                <emptyLine/>
                <package name="com.google" withSubpackages="true" static="false"/>
                <package name="org.apache" withSubpackages="true" static="false"/>
                <package name="org.lwjgl" withSubpackages="true" static="false"/>
                <package name="net.minecraft" withSubpackages="true" static="false"/>
                <package name="net.minecraftforge" withSubpackages="true" static="false"/>
                <emptyLine/>
                <package name="" withSubpackages="true" static="false"/>
                <emptyLine/>
                <package name="" withSubpackages="true" static="true"/>
            </value>
        </option>
        <option name="JD_P_AT_EMPTY_LINES" value="false"/>
        <REPEAT_ANNOTATIONS>
            <ANNO name="net.minecraftforge.fml.relauncher.SideOnly"/>
        </REPEAT_ANNOTATIONS>
    </JavaCodeStyleSettings>
    <Python>
        <option name="DICT_NEW_LINE_AFTER_LEFT_BRACE" value="true"/>
        <option name="DICT_NEW_LINE_BEFORE_RIGHT_BRACE" value="true"/>
    </Python>
    <editorconfig>
        <option name="ENABLED" value="false"/>
    </editorconfig>
    <codeStyleSettings language="JAVA">
        <option name="BRACE_STYLE" value="2"/>
        <option name="CLASS_BRACE_STYLE" value="2"/>
        <option name="METHOD_BRACE_STYLE" value="2"/>
        <option name="ELSE_ON_NEW_LINE" value="true"/>
        <option name="CATCH_ON_NEW_LINE" value="true"/>
        <option name="FINALLY_ON_NEW_LINE" value="true"/>
        <option name="SPACE_BEFORE_ARRAY_INITIALIZER_LBRACE" value="true"/>
        <option name="KEEP_SIMPLE_BLOCKS_IN_ONE_LINE" value="true"/>
        <option name="KEEP_SIMPLE_METHODS_IN_ONE_LINE" value="true"/>
        <option name="KEEP_SIMPLE_LAMBDAS_IN_ONE_LINE" value="true"/>
        <option name="KEEP_SIMPLE_CLASSES_IN_ONE_LINE" value="true"/>
        <indentOptions>
            <option name="CONTINUATION_INDENT_SIZE" value="4"/>
        </indentOptions>
        <arrangement>
            <groups>
                <group>
                    <type>GETTERS_AND_SETTERS</type>
                    <order>KEEP</order>
                </group>
                <group>
                    <type>OVERRIDDEN_METHODS</type>
                    <order>KEEP</order>
                </group>
            </groups>
            <rules>
                <section>
                    <rule>
                        <match>
                            <AND>
                                <FIELD>true</FIELD>
                                <FINAL>true</FINAL>
                                <PUBLIC>true</PUBLIC>
                                <STATIC>true</STATIC>
                            </AND>
                        </match>
                    </rule>
                </section>
                <section>
                    <rule>
                        <match>
                            <AND>
                                <FIELD>true</FIELD>
                                <FINAL>true</FINAL>
                                <PROTECTED>true</PROTECTED>
                                <STATIC>true</STATIC>
                            </AND>
                        </match>
                    </rule>
                </section>
                <section>
                    <rule>
                        <match>
                            <AND>
                                <FIELD>true</FIELD>
                                <FINAL>true</FINAL>
                                <PACKAGE_PRIVATE>true</PACKAGE_PRIVATE>
                                <STATIC>true</STATIC>
                            </AND>
                        </match>
                    </rule>
                </section>
                <section>
                    <rule>
                        <match>
                            <AND>
                                <FIELD>true</FIELD>
                                <FINAL>true</FINAL>
                                <PRIVATE>true</PRIVATE>
                                <STATIC>true</STATIC>
                            </AND>
                        </match>
                    </rule>
                </section>
                <section>
                    <rule>
                        <match>
                            <AND>
                                <FIELD>true</FIELD>
                                <PUBLIC>true</PUBLIC>
                                <STATIC>true</STATIC>
                            </AND>
                        </match>
                    </rule>
                </section>
                <section>
                    <rule>
                        <match>
                            <AND>
                                <FIELD>true</FIELD>
                                <PROTECTED>true</PROTECTED>
                                <STATIC>true</STATIC>
                            </AND>
                        </match>
                    </rule>
                </section>
                <section>
                    <rule>
                        <match>
                            <AND>
                                <FIELD>true</FIELD>
                                <PACKAGE_PRIVATE>true</PACKAGE_PRIVATE>
                                <STATIC>true</STATIC>
                            </AND>
                        </match>
                    </rule>
                </section>
                <section>
                    <rule>
                        <match>
                            <AND>
                                <FIELD>true</FIELD>
                                <PRIVATE>true</PRIVATE>
                                <STATIC>true</STATIC>
                            </AND>
                        </match>
                    </rule>
                </section>
                <section>
                    <rule>
                        <match>
                            <AND>
                                <INITIALIZER_BLOCK>true</INITIALIZER_BLOCK>
                                <STATIC>true</STATIC>
                            </AND>
                        </match>
                    </rule>
                </section>
                <section>
                    <rule>
                        <match>
                            <AND>
                                <METHOD>true</METHOD>
                                <PUBLIC>true</PUBLIC>
                                <STATIC>true</STATIC>
                            </AND>
                        </match>
                    </rule>
                </section>
                <section>
                    <rule>
                        <match>
                            <AND>
                                <METHOD>true</METHOD>
                                <PROTECTED>true</PROTECTED>
                                <STATIC>true</STATIC>
                            </AND>
                        </match>
                    </rule>
                </section>
                <section>
                    <rule>
                        <match>
                            <AND>
                                <METHOD>true</METHOD>
                                <PACKAGE_PRIVATE>true</PACKAGE_PRIVATE>
                                <STATIC>true</STATIC>
                            </AND>
                        </match>
                    </rule>
                </section>
                <section>
                    <rule>
                        <match>
                            <AND>
                                <METHOD>true</METHOD>
                                <PRIVATE>true</PRIVATE>
                                <STATIC>true</STATIC>
                            </AND>
                        </match>
                    </rule>
                </section>
                <section>
                    <rule>
                        <match>
                            <AND>
                                <FIELD>true</FIELD>
                                <FINAL>true</FINAL>
                                <PUBLIC>true</PUBLIC>
                            </AND>
                        </match>
                    </rule>
                </section>
                <section>
                    <rule>
                        <match>
                            <AND>
                                <FIELD>true</FIELD>
                                <FINAL>true</FINAL>
                                <PROTECTED>true</PROTECTED>
                            </AND>
                        </match>
                    </rule>
                </section>
                <section>
                    <rule>
                        <match>
                            <AND>
                                <FIELD>true</FIELD>
                                <FINAL>true</FINAL>
                                <PACKAGE_PRIVATE>true</PACKAGE_PRIVATE>
                            </AND>
                        </match>
                    </rule>
                </section>
                <section>
                    <rule>
                        <match>
                            <AND>
                                <FIELD>true</FIELD>
                                <FINAL>true</FINAL>
                                <PRIVATE>true</PRIVATE>
                            </AND>
                        </match>
                    </rule>
                </section>
                <section>
                    <rule>
                        <match>
                            <AND>
                                <FIELD>true</FIELD>
                                <PUBLIC>true</PUBLIC>
                            </AND>
                        </match>
                    </rule>
                </section>
                <section>
                    <rule>
                        <match>
                            <AND>
                                <FIELD>true</FIELD>
                                <PROTECTED>true</PROTECTED>
                            </AND>
                        </match>
                    </rule>
                </section>
                <section>
                    <rule>
                        <match>
                            <AND>
                                <FIELD>true</FIELD>
                                <PACKAGE_PRIVATE>true</PACKAGE_PRIVATE>
                            </AND>
                        </match>
                    </rule>
                </section>
                <section>
                    <rule>
                        <match>
                            <AND>
                                <FIELD>true</FIELD>
                                <PRIVATE>true</PRIVATE>
                            </AND>
                        </match>
                    </rule>
                </section>
                <section>
                    <rule>
                        <match>
                            <FIELD>true</FIELD>
                        </match>
                    </rule>
                </section>
                <section>
                    <rule>
                        <match>
                            <INITIALIZER_BLOCK>true</INITIALIZER_BLOCK>
                        </match>
                    </rule>
                </section>
                <section>
                    <rule>
                        <match>
                            <CONSTRUCTOR>true</CONSTRUCTOR>
                        </match>
                    </rule>
                </section>
                <section>
                    <rule>
                        <match>
                            <AND>
                                <METHOD>true</METHOD>
                                <PUBLIC>true</PUBLIC>
                            </AND>
                        </match>
                    </rule>
                </section>
                <section>
                    <rule>
                        <match>
                            <AND>
                                <METHOD>true</METHOD>
                                <PROTECTED>true</PROTECTED>
                            </AND>
                        </match>
                    </rule>
                </section>
                <section>
                    <rule>
                        <match>
                            <AND>
                                <METHOD>true</METHOD>
                                <PACKAGE_PRIVATE>true</PACKAGE_PRIVATE>
                            </AND>
                        </match>
                    </rule>
                </section>
                <section>
                    <rule>
                        <match>
                            <AND>
                                <METHOD>true</METHOD>
                                <PRIVATE>true</PRIVATE>
                            </AND>
                        </match>
                    </rule>
                </section>
                <section>
                    <rule>
                        <match>
                            <METHOD>true</METHOD>
                        </match>
                    </rule>
                </section>
                <section>
                    <rule>
                        <match>
                            <ENUM>true</ENUM>
                        </match>
                    </rule>
                </section>
                <section>
                    <rule>
                        <match>
                            <INTERFACE>true</INTERFACE>
                        </match>
                    </rule>
                </section>
                <section>
                    <rule>
                        <match>
                            <AND>
                                <CLASS>true</CLASS>
                                <STATIC>true</STATIC>
                            </AND>
                        </match>
                    </rule>
                </section>
                <section>
                    <rule>
                        <match>
                            <CLASS>true</CLASS>
                        </match>
                    </rule>
                </section>
            </rules>
        </arrangement>
    </codeStyleSettings>
    <codeStyleSettings language="JSON">
        <option name="WRAP_ON_TYPING" value="0"/>
    </codeStyleSettings>
    <codeStyleSettings language="Python">
        <option name="WRAP_ON_TYPING" value="0"/>
    </codeStyleSettings>
</code_scheme>